sequence_number,flow_number,flow_name,block_number,from,to,return_value,events,console_logs
,,,1,0xf39fd6e51aad88f6f4ce6ab8827279cfffb92266,None,MockERC20(0x5fbdb2315678afecb367f032d93f642f64180aa3),[ERC20.Transfer(from_=0x0000000000000000000000000000000000000000, to=0xf39fd6e51aad88f6f4ce6ab8827279cfffb92266, amount=340282366920938463463374607431768211456)],[]
,,,2,0xf39fd6e51aad88f6f4ce6ab8827279cfffb92266,None,MockERC20(0xe7f1725e7734ce288f8367e1bb143e90bb3f0512),[ERC20.Transfer(from_=0x0000000000000000000000000000000000000000, to=0xf39fd6e51aad88f6f4ce6ab8827279cfffb92266, amount=340282366920938463463374607431768211456)],[]
,,,3,0xf39fd6e51aad88f6f4ce6ab8827279cfffb92266,None,MockERC20(0x9fe46736679d2d9a65f0992f2272de9f3c7fa6e0),[ERC20.Transfer(from_=0x0000000000000000000000000000000000000000, to=0xf39fd6e51aad88f6f4ce6ab8827279cfffb92266, amount=340282366920938463463374607431768211456)],[]
,,,4,0xf39fd6e51aad88f6f4ce6ab8827279cfffb92266,None,PoolManager(0xcf7ed3acca5a467e9e704c703e8d87f634fb0fc9),[Owned.OwnerChanged(oldOwner=0x0000000000000000000000000000000000000000, newOwner=0xf39fd6e51aad88f6f4ce6ab8827279cfffb92266)],[]
,,,5,0xf39fd6e51aad88f6f4ce6ab8827279cfffb92266,None,FullRangeImplementation(0xdc64a140aa3e981100a9beca4e685f962f0cf6c9),[],[]
,,,6,0xf39fd6e51aad88f6f4ce6ab8827279cfffb92266,None,MockERC20(0x5fc8d32690cc91d4c39d9d3abcbd16989f875707),[ERC20.Transfer(from_=0x0000000000000000000000000000000000000000, to=0xf39fd6e51aad88f6f4ce6ab8827279cfffb92266, amount=340282366920938463463374607431768211456)],[]
,,,7,0xf39fd6e51aad88f6f4ce6ab8827279cfffb92266,None,MockERC20(0x0165878a594ca255338adfa4d48449f69242eb8f),[ERC20.Transfer(from_=0x0000000000000000000000000000000000000000, to=0xf39fd6e51aad88f6f4ce6ab8827279cfffb92266, amount=340282366920938463463374607431768211456)],[]
,,,8,0xf39fd6e51aad88f6f4ce6ab8827279cfffb92266,None,MockERC20(0xa513e6e4b8f2a923d98304ec87f64353c4d5c853),[ERC20.Transfer(from_=0x0000000000000000000000000000000000000000, to=0xf39fd6e51aad88f6f4ce6ab8827279cfffb92266, amount=340282366920938463463374607431768211456)],[]
,,,9,0xf39fd6e51aad88f6f4ce6ab8827279cfffb92266,None,PoolManager(0x2279b7a0a67db372996a5fab50d91eaa73d2ebe6),[Owned.OwnerChanged(oldOwner=0x0000000000000000000000000000000000000000, newOwner=0xf39fd6e51aad88f6f4ce6ab8827279cfffb92266)],[]
,,,10,0xf39fd6e51aad88f6f4ce6ab8827279cfffb92266,None,FullRangeImplementation(0x8a791620dd6260079bf849dc5567adc3f2fdc318),[],[]
,,,11,0xf39fd6e51aad88f6f4ce6ab8827279cfffb92266,None,MockERC20(0x610178da211fef7d417bc0e6fed39f05609ad788),[ERC20.Transfer(from_=0x0000000000000000000000000000000000000000, to=0xf39fd6e51aad88f6f4ce6ab8827279cfffb92266, amount=340282366920938463463374607431768211456)],[]
,,,12,0xf39fd6e51aad88f6f4ce6ab8827279cfffb92266,None,MockERC20(0xb7f8bc63bbcad18155201308c8f3540b07f84f5e),[ERC20.Transfer(from_=0x0000000000000000000000000000000000000000, to=0xf39fd6e51aad88f6f4ce6ab8827279cfffb92266, amount=340282366920938463463374607431768211456)],[]
,,,13,0xf39fd6e51aad88f6f4ce6ab8827279cfffb92266,None,MockERC20(0xa51c1fc2f0d1a1b8494ed1fe312d7c3a78ed91c0),[ERC20.Transfer(from_=0x0000000000000000000000000000000000000000, to=0xf39fd6e51aad88f6f4ce6ab8827279cfffb92266, amount=340282366920938463463374607431768211456)],[]
,,,14,0xf39fd6e51aad88f6f4ce6ab8827279cfffb92266,None,PoolManager(0x0dcd1bf9a1b36ce34237eeafef220932846bcd82),[Owned.OwnerChanged(oldOwner=0x0000000000000000000000000000000000000000, newOwner=0xf39fd6e51aad88f6f4ce6ab8827279cfffb92266)],[]
,,,15,0xf39fd6e51aad88f6f4ce6ab8827279cfffb92266,None,FullRangeImplementation(0x9a676e781a523b5d0c0e43731313a708cb607508),[],[]
,,,16,0xf39fd6e51aad88f6f4ce6ab8827279cfffb92266,None,MockERC20(0x0b306bf915c4d645ff596e518faf3f9669b97016),[ERC20.Transfer(from_=0x0000000000000000000000000000000000000000, to=0xf39fd6e51aad88f6f4ce6ab8827279cfffb92266, amount=340282366920938463463374607431768211456)],[]
,,,17,0xf39fd6e51aad88f6f4ce6ab8827279cfffb92266,None,MockERC20(0x959922be3caee4b8cd9a407cc3ac1c251c2007b1),[ERC20.Transfer(from_=0x0000000000000000000000000000000000000000, to=0xf39fd6e51aad88f6f4ce6ab8827279cfffb92266, amount=340282366920938463463374607431768211456)],[]
,,,18,0xf39fd6e51aad88f6f4ce6ab8827279cfffb92266,None,MockERC20(0x9a9f2ccfde556a7e9ff0848998aa4a0cfd8863ae),[ERC20.Transfer(from_=0x0000000000000000000000000000000000000000, to=0xf39fd6e51aad88f6f4ce6ab8827279cfffb92266, amount=340282366920938463463374607431768211456)],[]
,,,19,0xf39fd6e51aad88f6f4ce6ab8827279cfffb92266,None,PoolManager(0x68b1d87f95878fe05b998f19b66f4baba5de1aed),[Owned.OwnerChanged(oldOwner=0x0000000000000000000000000000000000000000, newOwner=0xf39fd6e51aad88f6f4ce6ab8827279cfffb92266)],[]
,,,20,0xf39fd6e51aad88f6f4ce6ab8827279cfffb92266,None,FullRangeImplementation(0x3aa5ebb10dc797cac828524e59a333d0a371443c),[],[]
0,0,flow_random_int
0,1,flow_random_int
0,2,flow_random_int
0,3,flow_random_int
0,4,flow_random_int
0,5,flow_random_int
0,6,flow_random_int
0,7,flow_random_int
0,8,flow_random_int
0,9,flow_random_int
0,10,flow_random_int
0,11,flow_random_int
0,12,flow_random_int
0,13,flow_random_int
0,14,flow_random_int
0,15,flow_random_int
0,16,flow_random_int
0,17,flow_random_int
0,18,flow_random_int
0,19,flow_random_int
0,20,flow_random_int
0,21,flow_random_int
0,22,flow_random_int
0,23,flow_random_int
0,24,flow_random_int
0,25,flow_random_int
0,26,flow_random_int
0,27,flow_random_int
0,28,flow_random_int
0,29,flow_random_int
0,30,flow_random_int
0,31,flow_random_int
0,32,flow_random_int
0,33,flow_random_int
0,34,flow_random_int
0,35,flow_random_int
0,36,flow_random_int
0,37,flow_random_int
0,38,flow_random_int
0,39,flow_random_int
0,40,flow_random_int
0,41,flow_random_int
0,42,flow_random_int
0,43,flow_random_int
0,44,flow_random_int
0,45,flow_random_int
0,46,flow_random_int
0,47,flow_random_int
0,48,flow_random_int
0,49,flow_random_int
0,50,flow_random_int
0,51,flow_random_int
0,52,flow_random_int
0,53,flow_random_int
0,54,flow_random_int
0,55,flow_random_int
0,56,flow_random_int
0,57,flow_random_int
0,58,flow_random_int
0,59,flow_random_int
0,60,flow_random_int
0,61,flow_random_int
0,62,flow_random_int
0,63,flow_random_int
0,64,flow_random_int
0,65,flow_random_int
0,66,flow_random_int
0,67,flow_random_int
0,68,flow_random_int
0,69,flow_random_int
0,70,flow_random_int
0,71,flow_random_int
0,72,flow_random_int
0,73,flow_random_int
0,74,flow_random_int
0,75,flow_random_int
0,76,flow_random_int
0,77,flow_random_int
0,78,flow_random_int
0,79,flow_random_int
0,80,flow_random_int
0,81,flow_random_int
0,82,flow_random_int
0,83,flow_random_int
0,84,flow_random_int
0,85,flow_random_int
0,86,flow_random_int
0,87,flow_random_int
0,88,flow_random_int
0,89,flow_random_int
0,90,flow_random_int
0,91,flow_random_int
0,92,flow_random_int
0,93,flow_random_int
0,94,flow_random_int
0,95,flow_random_int
0,96,flow_random_int
0,97,flow_random_int
0,98,flow_random_int
0,99,flow_random_int
